Title,URL,Description,Details,ShortDetails,Resource,Type,Identifiers,Db,EntrezUID,Properties
"Combination therapies with a proton pump inhibitor for Helicobacter pylori-infected gastric ulcer patients.","/pubmed/7594330","Fukuda Y, Yamamoto I, Okui M, Tonokatsu Y, Shimoyama T.","J Clin Gastroenterol. 1995;20 Suppl 2:S132-5.","J Clin Gastroenterol.  1995","PubMed","citation","PMID:7594330","pubmed","7594330","create date:1995/01/01 | first author:Fukuda Y",
"Cognitive impairment and the brain dopaminergic system in Parkinson disease: [18F]fluorodopa positron emission tomographic study.","/pubmed/10768619","Rinne JO, Portin R, Ruottinen H, Nurmi E, Bergman J, Haaparanta M, Solin O.","Arch Neurol. 2000 Apr;57(4):470-5.","Arch Neurol.  2000","PubMed","citation","PMID:10768619","pubmed","10768619","create date:2000/04/18 | first author:Rinne JO",
"A systematic review and quantitative appraisal of fMRI studies of verbal fluency: role of the left inferior frontal gyrus.","/pubmed/16511886","Costafreda SG, Fu CH, Lee L, Everitt B, Brammer MJ, David AS.","Hum Brain Mapp. 2006 Oct;27(10):799-810. Review.","Hum Brain Mapp.  2006","PubMed","citation","PMID:16511886","pubmed","16511886","create date:2006/03/03 | first author:Costafreda SG",
"Cerebral atrophy in Parkinson's disease patients with visual hallucinations.","/pubmed/17594330","Ramírez-Ruiz B, Martí MJ, Tolosa E, Giménez M, Bargalló N, Valldeoriola F, Junqué C.","Eur J Neurol. 2007 Jul;14(7):750-6.","Eur J Neurol.  2007","PubMed","citation","PMID:17594330","pubmed","17594330","create date:2007/06/28 | first author:Ramírez-Ruiz B",
"Hippocampal head atrophy predominance in Parkinson's disease with hallucinations and with dementia.","/pubmed/18821043","Ibarretxe-Bilbao N, Ramírez-Ruiz B, Tolosa E, Martí MJ, Valldeoriola F, Bargalló N, Junqué C.","J Neurol. 2008 Sep;255(9):1324-31. doi: 10.1007/s00415-008-0885-8. Epub 2008 Sep 24.","J Neurol.  2008","PubMed","citation","PMID:18821043","pubmed","18821043","create date:2008/09/30 | first author:Ibarretxe-Bilbao N",
"Cortical areas related to performance of WAIS Digit Symbol Test: a functional imaging study.","/pubmed/19631255","Usui N, Haji T, Maruyama M, Katsuyama N, Uchida S, Hozawa A, Omori K, Tsuji I, Kawashima R, Taira M.","Neurosci Lett. 2009 Sep 29;463(1):1-5. doi: 10.1016/j.neulet.2009.07.048. Epub 2009 Jul 22.","Neurosci Lett.  2009","PubMed","citation","PMID:19631255","pubmed","19631255","create date:2009/07/28 | first author:Usui N",
"Differential progression of brain atrophy in Parkinson's disease with and without visual hallucinations.","/pubmed/19965847","Ibarretxe-Bilbao N, Ramirez-Ruiz B, Junque C, Marti MJ, Valldeoriola F, Bargallo N, Juanes S, Tolosa E.","J Neurol Neurosurg Psychiatry. 2010 Jun;81(6):650-7. doi: 10.1136/jnnp.2009.179655. Epub 2009 Dec 3.","J Neurol Neurosurg Psychiatry.  2010","PubMed","citation","PMID:19965847","pubmed","19965847","create date:2009/12/08 | first author:Ibarretxe-Bilbao N",
"Medial temporal lobe correlates of memory screening measures in normal aging, MCI, and AD.","/pubmed/20029056","Sánchez-Benavides G, Gómez-Ansón B, Molinuevo JL, Blesa R, Monte GC, Buschke H, Peña-Casanova J.","J Geriatr Psychiatry Neurol. 2010 Jun;23(2):100-8. doi: 10.1177/0891988709355271. Epub 2009 Dec 22.","J Geriatr Psychiatry Neurol.  2010","PubMed","citation","PMID:20029056","pubmed","20029056","create date:2009/12/24 | first author:Sánchez-Benavides G",
"Frontal and associative visual areas related to visual hallucinations in dementia with Lewy bodies and Parkinson's disease with dementia.","/pubmed/20175186","Sanchez-Castaneda C, Rene R, Ramirez-Ruiz B, Campdelacreu J, Gascon J, Falcon C, Calopa M, Jauma S, Juncadella M, Junque C.","Mov Disord. 2010 Apr 15;25(5):615-22. doi: 10.1002/mds.22873.","Mov Disord.  2010","PubMed","citation","PMID:20175186","pubmed","20175186","create date:2010/02/23 | first author:Sanchez-Castaneda C",
"Neuropsychological profile of prodromal Alzheimer's disease (Prd-AD) and their radiological correlates.","/pubmed/20381176","Molinuevo JL, Gómez-Anson B, Monte GC, Bosch B, Sánchez-Valle R, Rami L.","Arch Gerontol Geriatr. 2011 Mar-Apr;52(2):190-6. doi: 10.1016/j.archger.2010.03.016. Epub 2010 Apr 8.","Arch Gerontol Geriatr.  2011","PubMed","citation","PMID:20381176","pubmed","20381176","create date:2010/04/13 | first author:Molinuevo JL",
"Bilateral brain regions associated with naming in older adults.","/pubmed/20399492","Obler LK, Rykhlevskaia E, Schnyer D, Clark-Cotton MR, Spiro A 3rd, Hyun J, Kim DS, Goral M, Albert ML.","Brain Lang. 2010 Jun;113(3):113-23. doi: 10.1016/j.bandl.2010.03.001.","Brain Lang.  2010","PubMed","citation","PMID:20399492 | PMCID:PMC2975055","pubmed","20399492","create date:2010/04/20 | first author:Obler LK",
"Cholinergic mesencephalic neurons are involved in gait and postural disorders in Parkinson disease.","/pubmed/20628197","Karachi C, Grabli D, Bernard FA, Tandé D, Wattiez N, Belaid H, Bardinet E, Prigent A, Nothacker HP, Hunot S, Hartmann A, Lehéricy S, Hirsch EC, François C.","J Clin Invest. 2010 Aug;120(8):2745-54. doi: 10.1172/JCI42642. Epub 2010 Jul 12.","J Clin Invest.  2010","PubMed","citation","PMID:20628197 | PMCID:PMC2912198","pubmed","20628197","create date:2010/07/16 | first author:Karachi C",
"Neuroanatomical correlates of apathy in Parkinson's disease: A magnetic resonance imaging study using voxel-based morphometry.","/pubmed/20669264","Reijnders JS, Scholtissen B, Weber WE, Aalten P, Verhey FR, Leentjens AF.","Mov Disord. 2010 Oct 30;25(14):2318-25. doi: 10.1002/mds.23268.","Mov Disord.  2010","PubMed","citation","PMID:20669264","pubmed","20669264","create date:2010/07/30 | first author:Reijnders JS",
"Regional patterns of brain tissue loss associated with depression in Parkinson disease.","/pubmed/20686125","Kostić VS, Agosta F, Petrović I, Galantucci S, Spica V, Jecmenica-Lukic M, Filippi M.","Neurology. 2010 Sep 7;75(10):857-63. doi: 10.1212/WNL.0b013e3181f11c1d. Epub 2010 Aug 4.","Neurology.  2010","PubMed","citation","PMID:20686125","pubmed","20686125","create date:2010/08/06 | first author:Kostić VS",
"Neuroanatomical correlates of cognitive performance in late life.","/pubmed/22104974","Zhang H, Sachdev PS, Wen W, Kochan NA, Zhu W, Crawford JD, Brodaty H, Slavin MJ, Reppermund S, Kang K, Trollor JN.","Dement Geriatr Cogn Disord. 2011;32(3):216-26. doi: 10.1159/000333372. Epub 2011 Nov 18.","Dement Geriatr Cogn Disord.  2011","PubMed","citation","PMID:22104974","pubmed","22104974","create date:2011/11/23 | first author:Zhang H",
"Grey and white matter correlates of picture naming: evidence from a voxel-based lesion analysis of the Boston Naming Test.","/pubmed/22482693","Baldo JV, Arévalo A, Patterson JP, Dronkers NF.","Cortex. 2013 Mar;49(3):658-67. doi: 10.1016/j.cortex.2012.03.001. Epub 2012 Mar 8.","Cortex.  2013","PubMed","citation","PMID:22482693 | PMCID:PMC3613759","pubmed","22482693","create date:2012/04/10 | first author:Baldo JV",
"Resting state functional connectivity of the striatum in Parkinson's disease.","/pubmed/23195207","Hacker CD, Perlmutter JS, Criswell SR, Ances BM, Snyder AZ.","Brain. 2012 Dec;135(Pt 12):3699-711. doi: 10.1093/brain/aws281. Epub 2012 Nov 28.","Brain.  2012","PubMed","citation","PMID:23195207 | PMCID:PMC3525055","pubmed","23195207","create date:2012/12/01 | first author:Hacker CD",
"The coeruleus/subcoeruleus complex in rapid eye movement sleep behaviour disorders in Parkinson's disease.","/pubmed/23801736","García-Lorenzo D, Longo-Dos Santos C, Ewenczyk C, Leu-Semenescu S, Gallea C, Quattrocchi G, Pita Lobo P, Poupon C, Benali H, Arnulf I, Vidailhet M, Lehericy S.","Brain. 2013 Jul;136(Pt 7):2120-9. doi: 10.1093/brain/awt152.","Brain.  2013","PubMed","citation","PMID:23801736 | PMCID:PMC3692035","pubmed","23801736","create date:2013/06/27 | first author:García-Lorenzo D",
"Striatal volume is related to phonemic verbal fluency but not to semantic or alternating verbal fluency in early Parkinson's disease.","/pubmed/23913130","Ellfolk U, Joutsa J, Rinne JO, Parkkola R, Jokinen P, Karrasch M.","J Neural Transm (Vienna). 2014 Jan;121(1):33-40. doi: 10.1007/s00702-013-1073-2. Epub 2013 Aug 3.","J Neural Transm (Vienna).  2014","PubMed","citation","PMID:23913130 | PMCID:PMC3889690","pubmed","23913130","create date:2013/08/06 | first author:Ellfolk U",
"Grey matter correlates of three language tests in non-demented older adults.","/pubmed/24224044","Zhang H, Sachdev PS, Wen W, Kochan NA, Crawford JD, Brodaty H, Slavin MJ, Reppermund S, Kang K, Trollor JN.","PLoS One. 2013;8(11):e80215. doi: 10.1371/journal.pone.0080215.","PLoS One.  2013","PubMed","citation","PMID:24224044 | PMCID:PMC3818244","pubmed","24224044","create date:2013/11/14 | first author:Zhang H",
"Statistical parametric mapping of (99m)Tc-ECD SPECT in idiopathic Parkinson's disease and multiple system atrophy with predominant parkinsonian features: correlation with clinical parameters.","/pubmed/15181127","Van Laere K, Santens P, Bosman T, De Reuck J, Mortelmans L, Dierckx R.","J Nucl Med. 2004 Jun;45(6):933-42.","J Nucl Med.  2004","PubMed","citation","PMID:15181127","pubmed","15181127","create date:2004/06/08 | first author:Van Laere K",
"Altered cortical visual processing in PD with hallucinations: an fMRI study.","/pubmed/15505157","Stebbins GT, Goetz CG, Carrillo MC, Bangen KJ, Turner DA, Glover GH, Gabrieli JD.","Neurology. 2004 Oct 26;63(8):1409-16.","Neurology.  2004","PubMed","citation","PMID:15505157","pubmed","15505157","create date:2004/10/27 | first author:Stebbins GT",
"Network modulation in the treatment of Parkinson's disease.","/pubmed/16844713","Asanuma K, Tang C, Ma Y, Dhawan V, Mattis P, Edwards C, Kaplitt MG, Feigin A, Eidelberg D.","Brain. 2006 Oct;129(Pt 10):2667-78. Epub 2006 Jul 14.","Brain.  2006","PubMed","citation","PMID:16844713 | PMCID:PMC4459513","pubmed","16844713","create date:2006/07/18 | first author:Asanuma K",
"Striatal dopamine transporter levels correlate with apathy in neurodegenerative diseases A SPECT study with partial volume effect correction.","/pubmed/17900799","David R, Koulibaly M, Benoit M, Garcia R, Caci H, Darcourt J, Robert P.","Clin Neurol Neurosurg. 2008 Jan;110(1):19-24. Epub 2007 Sep 27.","Clin Neurol Neurosurg.  2008","PubMed","citation","PMID:17900799","pubmed","17900799","create date:2007/09/29 | first author:David R",
"Morphometric changes of gray matter in Parkinson's disease with depression: a voxel-based morphometry study.","/pubmed/17973326","Feldmann A, Illes Z, Kosztolanyi P, Illes E, Mike A, Kover F, Balas I, Kovacs N, Nagy F.","Mov Disord. 2008 Jan;23(1):42-6.","Mov Disord.  2008","PubMed","citation","PMID:17973326","pubmed","17973326","create date:2007/11/02 | first author:Feldmann A",
"Striatal dopamine transporter imaging correlates with depressive symptoms and tower of London task performance in Parkinson's disease.","/pubmed/18618663","Rektorova I, Srovnalova H, Kubikova R, Prasek J.","Mov Disord. 2008 Aug 15;23(11):1580-7. doi: 10.1002/mds.22158.","Mov Disord.  2008","PubMed","citation","PMID:18618663","pubmed","18618663","create date:2008/07/12 | first author:Rektorova I",
"Brain response to complex visual stimuli in Parkinson's patients with hallucinations: a functional magnetic resonance imaging study.","/pubmed/18785653","Ramírez-Ruiz B, Martí MJ, Tolosa E, Falcón C, Bargalló N, Valldeoriola F, Junqué C.","Mov Disord. 2008 Dec 15;23(16):2335-43. doi: 10.1002/mds.22258.","Mov Disord.  2008","PubMed","citation","PMID:18785653","pubmed","18785653","create date:2008/09/13 | first author:Ramírez-Ruiz B",
"Brain perfusion SPECT with an automated quantitative tool can identify prodromal Alzheimer's disease among patients with mild cognitive impairment.","/pubmed/19250707","Habert MO, Horn JF, Sarazin M, Lotterie JA, Puel M, Onen F, Zanca M, Portet F, Touchon J, Verny M, Mahieux F, Giron A, Fertil B, Dubois B.","Neurobiol Aging. 2011 Jan;32(1):15-23. doi: 10.1016/j.neurobiolaging.2009.01.013. Epub 2009 Feb 27.","Neurobiol Aging.  2011","PubMed","citation","PMID:19250707","pubmed","19250707","create date:2009/03/03 | first author:Habert MO",
"Complementary hemispheric asymmetries in object naming and recognition: a voxel-based correlational study.","/pubmed/19428415","Acres K, Taylor KI, Moss HE, Stamatakis EA, Tyler LK.","Neuropsychologia. 2009 Jul;47(8-9):1836-43. doi: 10.1016/j.neuropsychologia.2009.02.024. Epub 2009 Feb 28.","Neuropsychologia.  2009","PubMed","citation","PMID:19428415","pubmed","19428415","create date:2009/05/12 | first author:Acres K",
"Changes of functional connectivity of the motor network in the resting state in Parkinson's disease.","/pubmed/19463891","Wu T, Wang L, Chen Y, Zhao C, Li K, Chan P.","Neurosci Lett. 2009 Aug 21;460(1):6-10. doi: 10.1016/j.neulet.2009.05.046. Epub 2009 May 20.","Neurosci Lett.  2009","PubMed","citation","PMID:19463891","pubmed","19463891","create date:2009/05/26 | first author:Wu T",
"Semantic processing in the anterior temporal lobes: a meta-analysis of the functional neuroimaging literature.","/pubmed/19583477","Visser M, Jefferies E, Lambon Ralph MA.","J Cogn Neurosci. 2010 Jun;22(6):1083-94. doi: 10.1162/jocn.2009.21309.","J Cogn Neurosci.  2010","PubMed","citation","PMID:19583477","pubmed","19583477","create date:2009/07/09 | first author:Visser M",
"Neural correlates of bimanual anti-phase and in-phase movements in Parkinson's disease.","/pubmed/20566485","Wu T, Wang L, Hallett M, Li K, Chan P.","Brain. 2010 Aug;133(Pt 8):2394-409. doi: 10.1093/brain/awq151. Epub 2010 Jun 20.","Brain.  2010","PubMed","citation","PMID:20566485 | PMCID:PMC3139934","pubmed","20566485","create date:2010/06/23 | first author:Wu T",
"Fractionating verbal episodic memory in Alzheimer's disease.","/pubmed/20832485","Wolk DA, Dickerson BC; Alzheimer's Disease Neuroimaging Initiative.","Neuroimage. 2011 Jan 15;54(2):1530-9. doi: 10.1016/j.neuroimage.2010.09.005. Epub 2010 Sep 9.","Neuroimage.  2011","PubMed","citation","PMID:20832485 | PMCID:PMC2997155","pubmed","20832485","create date:2010/09/14 | first author:Wolk DA",
"Distinct profiles of brain and cognitive changes in the very old with Alzheimer disease.","/pubmed/21832223","Stricker NH, Chang YL, Fennema-Notestine C, Delano-Wood L, Salmon DP, Bondi MW, Dale AM; Alzheimer's Disease Neuroimaging Initiative.","Neurology. 2011 Aug 23;77(8):713-21. doi: 10.1212/WNL.0b013e31822b0004. Epub 2011 Aug 10.","Neurology.  2011","PubMed","citation","PMID:21832223 | PMCID:PMC3164395","pubmed","21832223","create date:2011/08/13 | first author:Stricker NH",
"Resting-state fMRI changes in Alzheimer's disease and mild cognitive impairment.","/pubmed/21862179","Binnewijzend MA, Schoonheim MM, Sanz-Arigita E, Wink AM, van der Flier WM, Tolboom N, Adriaanse SM, Damoiseaux JS, Scheltens P, van Berckel BN, Barkhof F.","Neurobiol Aging. 2012 Sep;33(9):2018-28. doi: 10.1016/j.neurobiolaging.2011.07.003. Epub 2011 Aug 20.","Neurobiol Aging.  2012","PubMed","citation","PMID:21862179","pubmed","21862179","create date:2011/08/25 | first author:Binnewijzend MA",
"Brain volume changes in Parkinson's disease and their relationship with cognitive and behavioural abnormalities.","/pubmed/21862438","Biundo R, Formento-Dojot P, Facchini S, Vallelunga A, Ghezzo L, Foscolo L, Meneghello F, Antonini A.","J Neurol Sci. 2011 Nov 15;310(1-2):64-9. doi: 10.1016/j.jns.2011.08.001. Epub 2011 Aug 23.","J Neurol Sci.  2011","PubMed","citation","PMID:21862438","pubmed","21862438","create date:2011/08/25 | first author:Biundo R",
"Modulation of verbal fluency networks by transcranial direct current stimulation (tDCS) in Parkinson's disease.","/pubmed/22410476","Pereira JB, Junqué C, Bartrés-Faz D, Martí MJ, Sala-Llonch R, Compta Y, Falcón C, Vendrell P, Pascual-Leone A, Valls-Solé J, Tolosa E.","Brain Stimul. 2013 Jan;6(1):16-24. doi: 10.1016/j.brs.2012.01.006. Epub 2012 Feb 22.","Brain Stimul.  2013","PubMed","citation","PMID:22410476","pubmed","22410476","create date:2012/03/14 | first author:Pereira JB",
"Parcellation of left parietal tool representations by functional connectivity.","/pubmed/24892224","Garcea FE, Mahon BZ.","Neuropsychologia. 2014 Jul;60:131-43. doi: 10.1016/j.neuropsychologia.2014.05.018. Epub 2014 Jun 2.","Neuropsychologia.  2014","PubMed","citation","PMID:24892224 | PMCID:PMC4116796","pubmed","24892224","create date:2014/06/04 | first author:Garcea FE",
"Study of functional connectivity in patients with sensorineural hearing loss by using resting-state fMRI.","/pubmed/25785031","Li Z, Zhu Q, Geng Z, Song Z, Wang L, Wang Y.","Int J Clin Exp Med. 2015;8(1):569-78.","Int J Clin Exp Med.  2015","PubMed","citation","PMID:25785031 | PMCID:PMC4358486","pubmed","25785031","create date:2015/03/19 | first author:Li Z",
"Alterations in the limbic/paralimbic cortices of Parkinson's disease patients with hyposmia under resting-state functional MRI by regional homogeneity and functional connectivity analysis.","/pubmed/25937615","Su M, Wang S, Fang W, Zhu Y, Li R, Sheng K, Zou D, Han Y, Wang X, Cheng O.","Parkinsonism Relat Disord. 2015 Jul;21(7):698-703. doi: 10.1016/j.parkreldis.2015.04.006. Epub 2015 Apr 18.","Parkinsonism Relat Disord.  2015","PubMed","citation","PMID:25937615","pubmed","25937615","create date:2015/05/06 | first author:Su M",
"Functional anatomy of cognitive development: fMRI of verbal fluency in children and adults.","/pubmed/10636145","Gaillard WD, Hertz-Pannier L, Mott SH, Barnett AS, LeBihan D, Theodore WH.","Neurology. 2000 Jan 11;54(1):180-5.","Neurology.  2000","PubMed","citation","PMID:10636145","pubmed","10636145","create date:2000/01/15 | first author:Gaillard WD",
"Cortical motor reorganization in akinetic patients with Parkinson's disease: a functional MRI study.","/pubmed/10648446","Sabatini U, Boulanouar K, Fabre N, Martin F, Carel C, Colonnese C, Bozzao L, Berry I, Montastruc JL, Chollet F, Rascol O.","Brain. 2000 Feb;123 ( Pt 2):394-403.","Brain.  2000","PubMed","citation","PMID:10648446","pubmed","10648446","create date:2000/01/29 | first author:Sabatini U",
"Striatal and extrastriatal dysfunction in Parkinson's disease with dementia: a 6-[18F]fluoro-L-dopa PET study.","/pubmed/12023324","Ito K, Nagano-Saito A, Kato T, Arahata Y, Nakamura A, Kawasumi Y, Hatano K, Abe Y, Yamada T, Kachi T, Brooks DJ.","Brain. 2002 Jun;125(Pt 6):1358-65. Erratum in: Brain 2002 Sep;125(Pt 9):2144. ","Brain.  2002","PubMed","citation","PMID:12023324","pubmed","12023324","create date:2002/05/23 | first author:Ito K",
"Functional connectivity of the fusiform gyrus during a face-matching task in subjects with mild cognitive impairment.","/pubmed/16520329","Bokde AL, Lopez-Bayo P, Meindl T, Pechler S, Born C, Faltraco F, Teipel SJ, Möller HJ, Hampel H.","Brain. 2006 May;129(Pt 5):1113-24. Epub 2006 Mar 6.","Brain.  2006","PubMed","citation","PMID:16520329","pubmed","16520329","create date:2006/03/08 | first author:Bokde AL",
"Positron emission tomography metabolic correlates of apathy in Alzheimer disease.","/pubmed/17620493","Marshall GA, Monserratt L, Harwood D, Mandelkern M, Cummings JL, Sultzer DL.","Arch Neurol. 2007 Jul;64(7):1015-20.","Arch Neurol.  2007","PubMed","citation","PMID:17620493","pubmed","17620493","create date:2007/07/11 | first author:Marshall GA",
"Functional connectivity of human striatum: a resting state FMRI study.","/pubmed/18400794","Di Martino A, Scheres A, Margulies DS, Kelly AM, Uddin LQ, Shehzad Z, Biswal B, Walters JR, Castellanos FX, Milham MP.","Cereb Cortex. 2008 Dec;18(12):2735-47. doi: 10.1093/cercor/bhn041. Epub 2008 Apr 9.","Cereb Cortex.  2008","PubMed","citation","PMID:18400794","pubmed","18400794","create date:2008/04/11 | first author:Di Martino A",
"Regional homogeneity changes in patients with Parkinson's disease.","/pubmed/18649351","Wu T, Long X, Zang Y, Wang L, Hallett M, Li K, Chan P.","Hum Brain Mapp. 2009 May;30(5):1502-10. doi: 10.1002/hbm.20622.","Hum Brain Mapp.  2009","PubMed","citation","PMID:18649351","pubmed","18649351","create date:2008/07/24 | first author:Wu T",
"Amygdala-frontal connectivity during emotion regulation.","/pubmed/18985136","Banks SJ, Eddy KT, Angstadt M, Nathan PJ, Phan KL.","Soc Cogn Affect Neurosci. 2007 Dec;2(4):303-12. doi: 10.1093/scan/nsm029.","Soc Cogn Affect Neurosci.  2007","PubMed","citation","PMID:18985136 | PMCID:PMC2566753","pubmed","18985136","create date:2008/11/06 | first author:Banks SJ",
"Functional connectivity of the human amygdala using resting state fMRI.","/pubmed/19110061","Roy AK, Shehzad Z, Margulies DS, Kelly AM, Uddin LQ, Gotimer K, Biswal BB, Castellanos FX, Milham MP.","Neuroimage. 2009 Apr 1;45(2):614-26. doi: 10.1016/j.neuroimage.2008.11.030. Epub 2008 Dec 9.","Neuroimage.  2009","PubMed","citation","PMID:19110061 | PMCID:PMC2735022","pubmed","19110061","create date:2008/12/27 | first author:Roy AK",
"White matter microstructure changes in the thalamus in Parkinson disease with depression: A diffusion tensor MR imaging study.","/pubmed/20705702","Li W, Liu J, Skidmore F, Liu Y, Tian J, Li K.","AJNR Am J Neuroradiol. 2010 Nov;31(10):1861-6. doi: 10.3174/ajnr.A2195. Epub 2010 Aug 12.","AJNR Am J Neuroradiol.  2010","PubMed","citation","PMID:20705702","pubmed","20705702","create date:2010/08/14 | first author:Li W",
"Resting state fMRI reveals increased subthalamic nucleus-motor cortex connectivity in Parkinson's disease.","/pubmed/21255661","Baudrexel S, Witte T, Seifried C, von Wegner F, Beissner F, Klein JC, Steinmetz H, Deichmann R, Roeper J, Hilker R.","Neuroimage. 2011 Apr 15;55(4):1728-38. doi: 10.1016/j.neuroimage.2011.01.017. Epub 2011 Jan 19.","Neuroimage.  2011","PubMed","citation","PMID:21255661","pubmed","21255661","create date:2011/01/25 | first author:Baudrexel S",
"Diversity of the inferior frontal gyrus--a meta-analysis of neuroimaging studies.","/pubmed/21729721","Liakakis G, Nickel J, Seitz RJ.","Behav Brain Res. 2011 Nov 20;225(1):341-7. doi: 10.1016/j.bbr.2011.06.022. Epub 2011 Jun 25. Review.","Behav Brain Res.  2011","PubMed","citation","PMID:21729721","pubmed","21729721","create date:2011/07/07 | first author:Liakakis G",
"Apathy, depression, and motor symptoms have distinct and separable resting activity patterns in idiopathic Parkinson disease.","/pubmed/21782030","Skidmore FM, Yang M, Baxter L, von Deneen K, Collingwood J, He G, Tandon R, Korenkevych D, Savenkov A, Heilman KM, Gold M, Liu Y.","Neuroimage. 2013 Nov 1;81:484-95. doi: 10.1016/j.neuroimage.2011.07.012. Epub 2011 Jul 14.","Neuroimage.  2013","PubMed","citation","PMID:21782030","pubmed","21782030","create date:2011/07/26 | first author:Skidmore FM",
"Resting-state brain connectivity in patients with Parkinson's disease and freezing of gait.","/pubmed/22510204","Tessitore A, Amboni M, Esposito F, Russo A, Picillo M, Marcuccio L, Pellecchia MT, Vitale C, Cirillo M, Tedeschi G, Barone P.","Parkinsonism Relat Disord. 2012 Jul;18(6):781-7. doi: 10.1016/j.parkreldis.2012.03.018. Epub 2012 Apr 15.","Parkinsonism Relat Disord.  2012","PubMed","citation","PMID:22510204","pubmed","22510204","create date:2012/04/19 | first author:Tessitore A",
"Default-mode network connectivity in cognitively unimpaired patients with Parkinson disease.","/pubmed/23100395","Tessitore A, Esposito F, Vitale C, Santangelo G, Amboni M, Russo A, Corbo D, Cirillo G, Barone P, Tedeschi G.","Neurology. 2012 Dec 4;79(23):2226-32. doi: 10.1212/WNL.0b013e31827689d6. Epub 2012 Oct 24.","Neurology.  2012","PubMed","citation","PMID:23100395","pubmed","23100395","create date:2012/10/27 | first author:Tessitore A",
"Visual salience improves spatial working memory via enhanced parieto-temporal functional connectivity.","/pubmed/23447619","Santangelo V, Macaluso E.","J Neurosci. 2013 Feb 27;33(9):4110-7. doi: 10.1523/JNEUROSCI.4138-12.2013.","J Neurosci.  2013","PubMed","citation","PMID:23447619 | PMCID:PMC3695392","pubmed","23447619","create date:2013/03/01 | first author:Santangelo V",
"Changes in spontaneous brain activity in early Parkinson's disease.","/pubmed/23769726","Yang H, Zhou XJ, Zhang MM, Zheng XN, Zhao YL, Wang J.","Neurosci Lett. 2013 Aug 9;549:24-8. doi: 10.1016/j.neulet.2013.05.080. Epub 2013 Jun 13.","Neurosci Lett.  2013","PubMed","citation","PMID:23769726","pubmed","23769726","create date:2013/06/19 | first author:Yang H",
"Decreased and increased cerebral regional homogeneity in early Parkinson's disease.","/pubmed/23816374","Choe IH, Yeo S, Chung KC, Kim SH, Lim S.","Brain Res. 2013 Aug 21;1527:230-7. doi: 10.1016/j.brainres.2013.06.027. Epub 2013 Jun 28.","Brain Res.  2013","PubMed","citation","PMID:23816374","pubmed","23816374","create date:2013/07/03 | first author:Choe IH",
"A selective involvement of putamen functional connectivity in youth with internet gaming disorder.","/pubmed/25553620","Hong SB, Harrison BJ, Dandash O, Choi EJ, Kim SC, Kim HH, Shim DH, Kim CD, Kim JW, Yi SH.","Brain Res. 2015 Mar 30;1602:85-95. doi: 10.1016/j.brainres.2014.12.042. Epub 2014 Dec 29.","Brain Res.  2015","PubMed","citation","PMID:25553620","pubmed","25553620","create date:2015/01/03 | first author:Hong SB",
"Impairments of thalamic resting-state functional connectivity in patients with chronic tinnitus.","/pubmed/25935516","Zhang J, Chen YC, Feng X, Yang M, Liu B, Qian C, Wang J, Salvi R, Teng GJ.","Eur J Radiol. 2015 Jul;84(7):1277-84. doi: 10.1016/j.ejrad.2015.04.006. Epub 2015 Apr 20.","Eur J Radiol.  2015","PubMed","citation","PMID:25935516","pubmed","25935516","create date:2015/05/04 | first author:Zhang J",
"Volumetric MRI analysis of the amygdala and the hippocampus in subjects with age-associated memory impairment: correlation to visual and verbal memory.","/pubmed/7936293","Soininen HS, Partanen K, Pitkänen A, Vainio P, Hänninen T, Hallikainen M, Koivisto K, Riekkinen PJ Sr.","Neurology. 1994 Sep;44(9):1660-8.","Neurology.  1994","PubMed","citation","PMID:7936293","pubmed","7936293","create date:1994/09/01 | first author:Soininen HS",
"Decline of frontal lobe functions in subjects with age-associated memory impairment.","/pubmed/9008510","Hänninen T, Hallikainen M, Koivisto K, Partanen K, Laakso MP, Riekkinen PJ Sr, Soininen H.","Neurology. 1997 Jan;48(1):148-53. Review.","Neurology.  1997","PubMed","citation","PMID:9008510","pubmed","9008510","create date:1997/01/01 | first author:Hänninen T",
"Hippocampal atrophy is related to impaired memory, but not frontal functions in non-demented Parkinson's disease patients.","/pubmed/9631457","Riekkinen P Jr, Kejonen K, Laakso MP, Soininen H, Partanen K, Riekkinen M.","Neuroreport. 1998 May 11;9(7):1507-11.","Neuroreport.  1998","PubMed","citation","PMID:9631457","pubmed","9631457","create date:1998/06/19 | first author:Riekkinen P Jr",
"Staging of brain pathology related to sporadic Parkinson's disease.","/pubmed/12498954","Braak H, Del Tredici K, Rüb U, de Vos RA, Jansen Steur EN, Braak E.","Neurobiol Aging. 2003 Mar-Apr;24(2):197-211.","Neurobiol Aging.  2003","PubMed","citation","PMID:12498954","pubmed","12498954","create date:2002/12/25 | first author:Braak H",
"Parkinson's disease is associated with hippocampal atrophy.","/pubmed/12815657","Camicioli R, Moore MM, Kinney A, Corbridge E, Glassberg K, Kaye JA.","Mov Disord. 2003 Jul;18(7):784-90.","Mov Disord.  2003","PubMed","citation","PMID:12815657","pubmed","12815657","create date:2003/06/20 | first author:Camicioli R",
"A voxel-based morphometric study to determine individual differences in gray matter density associated with age and cognitive change over time.","/pubmed/15115735","Tisserand DJ, van Boxtel MP, Pruessner JC, Hofman P, Evans AC, Jolles J.","Cereb Cortex. 2004 Sep;14(9):966-73. Epub 2004 Apr 27.","Cereb Cortex.  2004","PubMed","citation","PMID:15115735","pubmed","15115735","create date:2004/04/30 | first author:Tisserand DJ",
"Amygdalar and hippocampal MRI volumetric reductions in Parkinson's disease with dementia.","/pubmed/15645532","Junqué C, Ramírez-Ruiz B, Tolosa E, Summerfield C, Martí MJ, Pastor P, Gómez-Ansón B, Mercader JM.","Mov Disord. 2005 May;20(5):540-4.","Mov Disord.  2005","PubMed","citation","PMID:15645532","pubmed","15645532","create date:2005/01/13 | first author:Junqué C",
"Cerebral atrophy and its relation to cognitive impairment in Parkinson disease.","/pubmed/15668417","Nagano-Saito A, Washimi Y, Arahata Y, Kachi T, Lerch JP, Evans AC, Dagher A, Ito K.","Neurology. 2005 Jan 25;64(2):224-9.","Neurology.  2005","PubMed","citation","PMID:15668417","pubmed","15668417","create date:2005/01/26 | first author:Nagano-Saito A",
"The relationship between frontal gray matter volume and cognition varies across the healthy adult lifespan.","/pubmed/17001022","Zimmerman ME, Brickman AM, Paul RH, Grieve SM, Tate DF, Gunstad J, Cohen RA, Aloia MS, Williams LM, Clark CR, Whitford TJ, Gordon E.","Am J Geriatr Psychiatry. 2006 Oct;14(10):823-33.","Am J Geriatr Psychiatry.  2006","PubMed","citation","PMID:17001022","pubmed","17001022","create date:2006/09/27 | first author:Zimmerman ME",
"Whole brain analysis of T2* weighted baseline FMRI signal in dementia.","/pubmed/17290368","Rombouts SA, Scheltens P, Kuijer JP, Barkhof F.","Hum Brain Mapp. 2007 Dec;28(12):1313-7.","Hum Brain Mapp.  2007","PubMed","citation","PMID:17290368","pubmed","17290368","create date:2007/02/10 | first author:Rombouts SA",
"Age and dementia-associated atrophy predominates in the hippocampal head and amygdala in Parkinson's disease.","/pubmed/17368653","Bouchard TP, Malykhin N, Martin WR, Hanstock CC, Emery DJ, Fisher NJ, Camicioli RM.","Neurobiol Aging. 2008 Jul;29(7):1027-39. Epub 2007 Mar 26.","Neurobiol Aging.  2008","PubMed","citation","PMID:17368653","pubmed","17368653","create date:2007/03/21 | first author:Bouchard TP",
"Voxel-based morphometry reveals extra-nigral atrophy patterns associated with dopamine refractory cognitive and motor impairment in parkinsonism.","/pubmed/18573676","Camicioli R, Gee M, Bouchard TP, Fisher NJ, Hanstock CC, Emery DJ, Martin WR.","Parkinsonism Relat Disord. 2009 Mar;15(3):187-95. doi: 10.1016/j.parkreldis.2008.05.002. Epub 2008 Jun 24.","Parkinsonism Relat Disord.  2009","PubMed","citation","PMID:18573676","pubmed","18573676","create date:2008/06/25 | first author:Camicioli R",
"Structural brain correlates of verbal fluency in Parkinson's disease.","/pubmed/19349926","Pereira JB, Junqué C, Martí MJ, Ramirez-Ruiz B, Bartrés-Faz D, Tolosa E.","Neuroreport. 2009 May 27;20(8):741-4. doi: 10.1097/WNR.0b013e328329370b.","Neuroreport.  2009","PubMed","citation","PMID:19349926","pubmed","19349926","create date:2009/04/08 | first author:Pereira JB",
"Neuroanatomical substrate of visuospatial and visuoperceptual impairment in Parkinson's disease.","/pubmed/19412935","Pereira JB, Junqué C, Martí MJ, Ramirez-Ruiz B, Bargalló N, Tolosa E.","Mov Disord. 2009 Jun 15;24(8):1193-9. doi: 10.1002/mds.22560.","Mov Disord.  2009","PubMed","citation","PMID:19412935","pubmed","19412935","create date:2009/05/05 | first author:Pereira JB",
"Decreased gray matter volume in the left hippocampus and bilateral calcarine cortex in coal mine flood disaster survivors with recent onset PTSD.","/pubmed/21498053","Zhang J, Tan Q, Yin H, Zhang X, Huan Y, Tang L, Wang H, Xu J, Li L.","Psychiatry Res. 2011 May 31;192(2):84-90. doi: 10.1016/j.pscychresns.2010.09.001. Epub 2011 Apr 17.","Psychiatry Res.  2011","PubMed","citation","PMID:21498053","pubmed","21498053","create date:2011/04/19 | first author:Zhang J",
"Association between fully automated MRI-based volumetry of different brain regions and neuropsychological test performance in patients with amnestic mild cognitive impairment and Alzheimer's disease.","/pubmed/22940716","Arlt S, Buchert R, Spies L, Eichenlaub M, Lehmbeck JT, Jahn H.","Eur Arch Psychiatry Clin Neurosci. 2013 Jun;263(4):335-44. doi: 10.1007/s00406-012-0350-7. Epub 2012 Sep 1.","Eur Arch Psychiatry Clin Neurosci.  2013","PubMed","citation","PMID:22940716","pubmed","22940716","create date:2012/09/04 | first author:Arlt S",
"Subcortical connectivity in dementia with Lewy bodies and Alzheimer's disease.","/pubmed/23846997","Kenny ER, O'Brien JT, Firbank MJ, Blamire AM.","Br J Psychiatry. 2013 Sep;203(3):209-14. doi: 10.1192/bjp.bp.112.108464. Epub 2013 Jul 11.","Br J Psychiatry.  2013","PubMed","citation","PMID:23846997","pubmed","23846997","create date:2013/07/13 | first author:Kenny ER",
"Longitudinal grey and white matter changes in frontotemporal dementia and Alzheimer's disease.","/pubmed/24595028","Frings L, Yew B, Flanagan E, Lam BY, Hüll M, Huppertz HJ, Hodges JR, Hornberger M.","PLoS One. 2014;9(3):e90814. doi: 10.1371/journal.pone.0090814.","PLoS One.  2014","PubMed","citation","PMID:24595028 | PMCID:PMC3940927","pubmed","24595028","create date:2014/03/07 | first author:Frings L",
"RBANS memory indices are related to medial temporal lobe volumetrics in healthy older adults and those with mild cognitive impairment.","/pubmed/24709384","England HB, Gillis MM, Hampstead BM.","Arch Clin Neuropsychol. 2014 Jun;29(4):322-8. doi: 10.1093/arclin/acu012. Epub 2014 Apr 6.","Arch Clin Neuropsychol.  2014","PubMed","citation","PMID:24709384 | PMCID:PMC4081621","pubmed","24709384","create date:2014/04/09 | first author:England HB",
"Grey-matter volume as a potential feature for the classification of Alzheimer's disease and mild cognitive impairment: an exploratory study.","/pubmed/24760581","Guo Y, Zhang Z, Zhou B, Wang P, Yao H, Yuan M, An N, Dai H, Wang L, Zhang X, Liu Y.","Neurosci Bull. 2014 Jun;30(3):477-89. doi: 10.1007/s12264-013-1432-x. Epub 2014 Apr 23.","Neurosci Bull.  2014","PubMed","citation","PMID:24760581","pubmed","24760581","create date:2014/04/25 | first author:Guo Y",
"Five-year follow-up study of hyperechogenicity of the substantia nigra in Parkinson's disease.","/pubmed/15486999","Berg D, Merz B, Reiners K, Naumann M, Becker G.","Mov Disord. 2005 Mar;20(3):383-5.","Mov Disord.  2005","PubMed","citation","PMID:15486999","pubmed","15486999","create date:2004/10/16 | first author:Berg D",
"Motor score of the Unified Parkinson Disease Rating Scale as a good predictor of Lewy body-associated neuronal loss in the substantia nigra.","/pubmed/16606773","Greffard S, Verny M, Bonnet AM, Beinis JY, Gallinari C, Meaume S, Piette F, Hauw JJ, Duyckaerts C.","Arch Neurol. 2006 Apr;63(4):584-8.","Arch Neurol.  2006","PubMed","citation","PMID:16606773","pubmed","16606773","create date:2006/04/12 | first author:Greffard S",
"Apolipoprotein E and gray matter volume loss in patients with mild cognitive impairment and Alzheimer disease.","/pubmed/21163916","Spampinato MV, Rumboldt Z, Hosker RJ, Mintzer JE; Alzheimer's Disease Neuroimaging Initiative.","Radiology. 2011 Mar;258(3):843-52. doi: 10.1148/radiol.10100307. Epub 2010 Dec 16.","Radiology.  2011","PubMed","citation","PMID:21163916","pubmed","21163916","create date:2010/12/18 | first author:Spampinato MV",
"The pedunculopontine nucleus is related to visual hallucinations in Parkinson's disease: preliminary results of a voxel-based morphometry study.","/pubmed/21717194","Janzen J, van 't Ent D, Lemstra AW, Berendse HW, Barkhof F, Foncke EM.","J Neurol. 2012 Jan;259(1):147-54. doi: 10.1007/s00415-011-6149-z. Epub 2011 Jun 30.","J Neurol.  2012","PubMed","citation","PMID:21717194 | PMCID:PMC3251778","pubmed","21717194","create date:2011/07/01 | first author:Janzen J",
"Montreal cognitive assessment in assessing clinical severity and white matter hyperintensity in Alzheimer's disease with normal control comparison.","/pubmed/22879115","Chang YT, Chang CC, Lin HS, Huang CW, Chang WN, Lui CC, Lee CC, Lin YT, Chen CH, Chen NC.","Acta Neurol Taiwan. 2012 Jun;21(2):64-73.","Acta Neurol Taiwan.  2012","PubMed","citation","PMID:22879115","pubmed","22879115","create date:2012/08/11 | first author:Chang YT",
"Neuroanatomical substrates of visual hallucinations in patients with non-demented Parkinson's disease.","/pubmed/22933812","Shin S, Lee JE, Hong JY, Sunwoo MK, Sohn YH, Lee PH.","J Neurol Neurosurg Psychiatry. 2012 Dec;83(12):1155-61. doi: 10.1136/jnnp-2012-303391. Epub 2012 Aug 29.","J Neurol Neurosurg Psychiatry.  2012","PubMed","citation","PMID:22933812","pubmed","22933812","create date:2012/08/31 | first author:Shin S",
"Parkinson subtypes progress differently in clinical course and imaging pattern.","/pubmed/23056463","Eggers C, Pedrosa DJ, Kahraman D, Maier F, Lewis CJ, Fink GR, Schmidt M, Timmermann L.","PLoS One. 2012;7(10):e46813. doi: 10.1371/journal.pone.0046813. Epub 2012 Oct 8.","PLoS One.  2012","PubMed","citation","PMID:23056463 | PMCID:PMC3466171","pubmed","23056463","create date:2012/10/12 | first author:Eggers C",
"Gray matter atrophy distinguishes between Parkinson disease motor subtypes.","/pubmed/23516323","Rosenberg-Katz K, Herman T, Jacob Y, Giladi N, Hendler T, Hausdorff JM.","Neurology. 2013 Apr 16;80(16):1476-84. doi: 10.1212/WNL.0b013e31828cfaa4. Epub 2013 Mar 20.","Neurology.  2013","PubMed","citation","PMID:23516323 | PMCID:PMC3662357","pubmed","23516323","create date:2013/03/22 | first author:Rosenberg-Katz K",
"Cortical and subcortical brain atrophy in Parkinson's disease with visual hallucination.","/pubmed/24150865","Watanabe H, Senda J, Kato S, Ito M, Atsuta N, Hara K, Tsuboi T, Katsuno M, Nakamura T, Hirayama M, Adachi H, Naganawa S, Sobue G.","Mov Disord. 2013 Oct;28(12):1732-6. doi: 10.1002/mds.25641. Epub 2013 Oct 21.","Mov Disord.  2013","PubMed","citation","PMID:24150865","pubmed","24150865","create date:2013/10/24 | first author:Watanabe H",
"Visuoperceptive region atrophy independent of cognitive status in patients with Parkinson's disease with hallucinations.","/pubmed/24480486","Goldman JG, Stebbins GT, Dinh V, Bernard B, Merkitch D, deToledo-Morrell L, Goetz CG.","Brain. 2014 Mar;137(Pt 3):849-59. doi: 10.1093/brain/awt360. Epub 2014 Jan 29.","Brain.  2014","PubMed","citation","PMID:24480486 | PMCID:PMC3983409","pubmed","24480486","create date:2014/02/01 | first author:Goldman JG",
"Changes of gray matter volume and amplitude of low-frequency oscillations in amnestic MCI: An integrative multi-modal MRI study.","/pubmed/24792358","Zhao ZL, Fan FM, Lu J, Li HJ, Jia LF, Han Y, Li KC.","Acta Radiol. 2015 May;56(5):614-21. doi: 10.1177/0284185114533329. Epub 2014 May 2.","Acta Radiol.  2015","PubMed","citation","PMID:24792358","pubmed","24792358","create date:2014/05/06 | first author:Zhao ZL",
"Apolipoprotein E genotype, gender and age modulate connectivity of the hippocampus in healthy adults.","/pubmed/24814213","Heise V, Filippini N, Trachtenberg AJ, Suri S, Ebmeier KP, Mackay CE.","Neuroimage. 2014 Sep;98:23-30. doi: 10.1016/j.neuroimage.2014.04.081. Epub 2014 May 9.","Neuroimage.  2014","PubMed","citation","PMID:24814213","pubmed","24814213","create date:2014/05/13 | first author:Heise V",
"Voxel-based meta-analysis of grey matter changes in Alzheimer's disease.","/pubmed/25834730","Wang WY, Yu JT, Liu Y, Yin RH, Wang HF, Wang J, Tan L, Radua J, Tan L.","Transl Neurodegener. 2015;4:6. doi: 10.1186/s40035-015-0027-z.","Transl Neurodegener.  2015","PubMed","citation","PMID:25834730 | PMCID:PMC4381413","pubmed","25834730","create date:2015/04/04 | first author:Wang WY",
"Neural substrates of motor and non-motor symptoms in Parkinson's disease: a resting FMRI study.","/pubmed/25909812","Yoo K, Chung SJ, Kim HS, Choung OH, Lee YB, Kim MJ, You S, Jeong Y.","PLoS One. 2015;10(4):e0125455. doi: 10.1371/journal.pone.0125455.","PLoS One.  2015","PubMed","citation","PMID:25909812 | PMCID:PMC4409348","pubmed","25909812","create date:2015/04/25 | first author:Yoo K",
"Changes in anatomical and functional connectivity of Parkinson's disease patients according to cognitive status.","/pubmed/25963506","Chen B, Fan GG, Liu H, Wang S.","Eur J Radiol. 2015 Jul;84(7):1318-24. doi: 10.1016/j.ejrad.2015.04.014. Epub 2015 Apr 27.","Eur J Radiol.  2015","PubMed","citation","PMID:25963506","pubmed","25963506","create date:2015/05/13 | first author:Chen B",
"Aberrant functional connectivity within the basal ganglia of patients with Parkinson's disease.","/pubmed/26106536","Rolinski M, Griffanti L, Szewczyk-Krolikowski K, Menke RA, Wilcock GK, Filippini N, Zamboni G, Hu MT, Mackay CE.","Neuroimage Clin. 2015;8:126-32. doi: 10.1016/j.nicl.2015.04.003.","Neuroimage Clin.  2015","PubMed","citation","PMID:26106536 | PMCID:PMC4473718","pubmed","26106536","create date:2015/06/25 | first author:Rolinski M",
"The gray matter alterations in major depressive disorder and panic disorder: Putative differences in the pathogenesis.","/pubmed/26208214","Lai CH, Wu YT.","J Affect Disord. 2015 Nov 1;186:1-6. doi: 10.1016/j.jad.2015.07.022. Epub 2015 Jul 14.","J Affect Disord.  2015","PubMed","citation","PMID:26208214","pubmed","26208214","create date:2015/07/25 | first author:Lai CH",
"Association between waist circumference and gray matter volume in 2344 individuals from two adult community-based samples.","/pubmed/26256530","Janowitz D, Wittfeld K, Terock J, Freyberger HJ, Hegenscheid K, Völzke H, Habes M, Hosten N, Friedrich N, Nauck M, Domanska G, Grabe HJ.","Neuroimage. 2015 Nov 15;122:149-57. doi: 10.1016/j.neuroimage.2015.07.086. Epub 2015 Aug 6.","Neuroimage.  2015","PubMed","citation","PMID:26256530","pubmed","26256530","create date:2015/08/11 | first author:Janowitz D",
"Age-Related Differences in Spatial Frequency Processing during Scene Categorization.","/pubmed/26288146","Ramanoël S, Kauffmann L, Cousin E, Dojat M, Peyrin C.","PLoS One. 2015;10(8):e0134554. doi: 10.1371/journal.pone.0134554.","PLoS One.  2015","PubMed","citation","PMID:26288146 | PMCID:PMC4543582","pubmed","26288146","create date:2015/08/20 | first author:Ramanoël S",
"Altered prefrontal activity and connectivity predict different cognitive deficits in schizophrenia.","/pubmed/26288380","Ferrarelli F, Riedner BA, Peterson MJ, Tononi G.","Hum Brain Mapp. 2015 Nov;36(11):4539-52. doi: 10.1002/hbm.22935. Epub 2015 Aug 19.","Hum Brain Mapp.  2015","PubMed","citation","PMID:26288380","pubmed","26288380","create date:2015/08/20 | first author:Ferrarelli F",
"Correlation of ovarian function with galactose-1-phosphate uridyl transferase levels in galactosemia.","/pubmed/2834527","Kaufman FR, Xu YK, Ng WG, Donnell GN.","J Pediatr. 1988 May;112(5):754-6. No abstract available.  Erratum in: J Pediatr 1989 Aug;115(2):329. ","J Pediatr.  1988","PubMed","citation","PMID:2834527","pubmed","2834527","create date:1988/05/01 | first author:Kaufman FR",
"Brain structural and cognitive correlates of clock drawing performance in Alzheimer's disease.","/pubmed/10561930","Cahn-Weiner DA, Sullivan EV, Shear PK, Fama R, Lim KO, Yesavage JA, Tinklenberg JR, Pfefferbaum A.","J Int Neuropsychol Soc. 1999 Sep;5(6):502-9.","J Int Neuropsychol Soc.  1999","PubMed","citation","PMID:10561930","pubmed","10561930","create date:1999/11/24 | first author:Cahn-Weiner DA",
"Changes in network activity with the progression of Parkinson's disease.","/pubmed/17470495","Huang C, Tang C, Feigin A, Lesser M, Ma Y, Pourfar M, Dhawan V, Eidelberg D.","Brain. 2007 Jul;130(Pt 7):1834-46. Epub 2007 Apr 30.","Brain.  2007","PubMed","citation","PMID:17470495 | PMCID:PMC4454378","pubmed","17470495","create date:2007/05/02 | first author:Huang C",
"Clock drawing performance and brain morphology in mild cognitive impairment and Alzheimer's disease.","/pubmed/18215449","Thomann PA, Toro P, Dos Santos V, Essig M, Schröder J.","Brain Cogn. 2008 Jun;67(1):88-93. doi: 10.1016/j.bandc.2007.11.008. Epub 2008 Jan 22.","Brain Cogn.  2008","PubMed","citation","PMID:18215449","pubmed","18215449","create date:2008/01/25 | first author:Thomann PA",
"Does the Clock Drawing Test have focal neuroanatomical correlates?","/pubmed/18763875","Tranel D, Rudrauf D, Vianna EP, Damasio H.","Neuropsychology. 2008 Sep;22(5):553-62. doi: 10.1037/0894-4105.22.5.553.","Neuropsychology.  2008","PubMed","citation","PMID:18763875 | PMCID:PMC2834527","pubmed","18763875","create date:2008/09/04 | first author:Tranel D",
"Correlation between cognitive function and the association fibers in patients with Alzheimer's disease using diffusion tensor imaging.","/pubmed/23062795","Meng JZ, Guo LW, Cheng H, Chen YJ, Fang L, Qi M, Jia ZY, Mohammed W, Hong XN.","J Clin Neurosci. 2012 Dec;19(12):1659-63. doi: 10.1016/j.jocn.2011.12.031. Epub 2012 Oct 11.","J Clin Neurosci.  2012","PubMed","citation","PMID:23062795","pubmed","23062795","create date:2012/10/16 | first author:Meng JZ",
"Correlation between 123I-FP-CIT brain SPECT and parkinsonism in dementia with Lewy bodies: caveat for clinical use.","/pubmed/25290294","Del Sole A, Perini G, Lecchi M, Mariani C, Lucignani G, Clerici F.","Clin Nucl Med. 2015 Jan;40(1):32-5. doi: 10.1097/RLU.0000000000000602.","Clin Nucl Med.  2015","PubMed","citation","PMID:25290294","pubmed","25290294","create date:2014/10/08 | first author:Del Sole A",
"Resting activity in visual and corticostriatal pathways in Parkinson's disease with hallucinations.","/pubmed/25511330","Yao N, Pang S, Cheung C, Chang RS, Lau KK, Suckling J, Yu K, Mak HK, McAlonan G, Ho SL, Chua SE.","Parkinsonism Relat Disord. 2015 Feb;21(2):131-7. doi: 10.1016/j.parkreldis.2014.11.020. Epub 2014 Dec 3.","Parkinsonism Relat Disord.  2015","PubMed","citation","PMID:25511330","pubmed","25511330","create date:2014/12/17 | first author:Yao N",
